metric,comparison,t_statistic,p_value,cohens_d,significant,mean_diff,gcn_dqn_mean,algo_mean
success_rate,GCN-DQN vs Dijkstra,23.445565823635686,1.7391063198399932e-15,6.655957476466967,True,0.24231178565720235,0.9137468575851109,0.6714350719279085
success_rate,GCN-DQN vs Improved-Dijkstra,16.1096860475319,1.5584249150899822e-12,4.8222528174189145,True,0.16500271987752235,0.9137468575851109,0.7487441377075885
success_rate,GCN-DQN vs GA,12.273525993087606,1.768991270580818e-10,3.6201594474841317,True,0.09714243962501068,0.9137468575851109,0.8166044179601002
avg_delay,GCN-DQN vs Dijkstra,-12.718646198041915,9.641927549353445e-11,-4.03509192995307,True,-11.215608757160766,33.15986838511768,44.37547714227845
avg_delay,GCN-DQN vs Improved-Dijkstra,-11.612101719604505,4.50382988374311e-10,-3.181829713683989,True,-7.273290069625922,33.15986838511768,40.433158454743605
avg_delay,GCN-DQN vs GA,-6.0058165767192895,8.86906827522478e-06,-2.1292475847192622,True,-5.158597430876881,33.15986838511768,38.318465815994564
load_balance,GCN-DQN vs Dijkstra,-10.237961501058638,3.5985875248426733e-09,-3.0475258976948694,True,-0.0995668105159892,0.14909867086523124,0.24866548138122044
load_balance,GCN-DQN vs Improved-Dijkstra,-4.81465903868789,0.00012042998921747585,-1.6161090949514962,True,-0.0526700594001506,0.14909867086523124,0.20176873026538183
load_balance,GCN-DQN vs GA,-4.847162845169823,0.00011194744090466256,-1.5566487281624768,True,-0.041147604156075074,0.14909867086523124,0.1902462750213063
