{
  "Dijkstra": {
    "success_rate": {
      "mean": 0.9770642201834863,
      "std": 0.0,
      "min": 0.9770642201834863,
      "max": 0.9770642201834863
    },
    "avg_delay": {
      "mean": 10.408948965550712,
      "std": 0.0,
      "min": 10.408948965550712,
      "max": 10.408948965550712
    },
    "run_time": {
      "mean": 0.09391341209411622,
      "std": 0.011655690855919896,
      "min": 0.07112765312194824,
      "max": 0.10277318954467773
    },
    "load_balance": {
      "mean": 0.0,
      "std": 0.0,
      "min": 0,
      "max": 0
    },
    "num_runs": 5
  },
  "Improved-Dijkstra": {
    "success_rate": {
      "mean": 0.9770642201834863,
      "std": 0.0,
      "min": 0.9770642201834863,
      "max": 0.9770642201834863
    },
    "avg_delay": {
      "mean": 10.408948965550712,
      "std": 0.0,
      "min": 10.408948965550712,
      "max": 10.408948965550712
    },
    "run_time": {
      "mean": 0.09764904975891113,
      "std": 0.0119301953401357,
      "min": 0.07599878311157227,
      "max": 0.10832333564758301
    },
    "load_balance": {
      "mean": 0.0,
      "std": 0.0,
      "min": 0,
      "max": 0
    },
    "num_runs": 5
  },
  "GA": {
    "success_rate": {
      "mean": 1.0,
      "std": 0.0,
      "min": 1.0,
      "max": 1.0
    },
    "avg_delay": {
      "mean": 10.408948965550712,
      "std": 0.0,
      "min": 10.408948965550712,
      "max": 10.408948965550712
    },
    "run_time": {
      "mean": 14.70337109565735,
      "std": 0.35134067199747554,
      "min": 14.149254083633423,
      "max": 15.133170127868652
    },
    "load_balance": {
      "mean": 0.0,
      "std": 0.0,
      "min": 0,
      "max": 0
    },
    "num_runs": 5
  },
  "GCN-DQN": {
    "success_rate": {
      "mean": 1.0,
      "std": 0.0,
      "min": 1.0,
      "max": 1.0
    },
    "avg_delay": {
      "mean": 10.408948965550712,
      "std": 0.0,
      "min": 10.408948965550712,
      "max": 10.408948965550712
    },
    "run_time": {
      "mean": 2.0840405464172362,
      "std": 0.21512718897045063,
      "min": 1.694310188293457,
      "max": 2.276925563812256
    },
    "load_balance": {
      "mean": 0.0,
      "std": 0.0,
      "min": 0,
      "max": 0
    },
    "num_runs": 5
  },
  "improvement_over_dijkstra": 0.02347417840375584
}