{
  "Dijkstra": {
    "success_rate": {
      "mean": 0.9770642201834863,
      "std": 0.0,
      "min": 0.9770642201834863,
      "max": 0.9770642201834863
    },
    "avg_delay": {
      "mean": 10.408948965550712,
      "std": 0.0,
      "min": 10.408948965550712,
      "max": 10.408948965550712
    },
    "run_time": {
      "mean": 0.0762321949005127,
      "std": 0.0,
      "min": 0.0762321949005127,
      "max": 0.0762321949005127
    },
    "load_balance": {
      "mean": 0.0,
      "std": 0.0,
      "min": 0,
      "max": 0
    },
    "num_runs": 1
  },
  "Improved-Dijkstra": {
    "success_rate": {
      "mean": 0.9770642201834863,
      "std": 0.0,
      "min": 0.9770642201834863,
      "max": 0.9770642201834863
    },
    "avg_delay": {
      "mean": 10.408948965550712,
      "std": 0.0,
      "min": 10.408948965550712,
      "max": 10.408948965550712
    },
    "run_time": {
      "mean": 0.08975362777709961,
      "std": 0.0,
      "min": 0.08975362777709961,
      "max": 0.08975362777709961
    },
    "load_balance": {
      "mean": 0.0,
      "std": 0.0,
      "min": 0,
      "max": 0
    },
    "num_runs": 1
  },
  "GA": {
    "success_rate": {
      "mean": 1.0,
      "std": 0.0,
      "min": 1.0,
      "max": 1.0
    },
    "avg_delay": {
      "mean": 10.408948965550712,
      "std": 0.0,
      "min": 10.408948965550712,
      "max": 10.408948965550712
    },
    "run_time": {
      "mean": 14.465030431747437,
      "std": 0.0,
      "min": 14.465030431747437,
      "max": 14.465030431747437
    },
    "load_balance": {
      "mean": 0.0,
      "std": 0.0,
      "min": 0,
      "max": 0
    },
    "num_runs": 1
  },
  "GCN-DQN": {
    "success_rate": {
      "mean": 0.0,
      "std": 0.0,
      "min": 0.0,
      "max": 0.0
    },
    "avg_delay": {
      "mean": 10.408948965550712,
      "std": 0.0,
      "min": 10.408948965550712,
      "max": 10.408948965550712
    },
    "run_time": {
      "mean": 0.5491108894348145,
      "std": 0.0,
      "min": 0.5491108894348145,
      "max": 0.5491108894348145
    },
    "load_balance": {
      "mean": 0.0,
      "std": 0.0,
      "min": 0,
      "max": 0
    },
    "num_runs": 1
  },
  "improvement_over_dijkstra": -1.0
}