algorithm,success_rate_mean,success_rate_std,avg_delay_mean,avg_delay_std,run_time_mean,run_time_std,load_balance_mean,num_runs
Dijkstra,0.968609865470852,0.0,9.566157661546393,0.0,0.12794280052185059,0.0,0.0,1
Improved-Dijkstra,0.968609865470852,0.0,9.566157661546393,0.0,0.06486392021179199,0.0,0.0,1
GA,0.9955156950672646,0.0,9.566157661546393,0.0,12.158873319625854,0.0,0.0,1
GCN-DQN,0.9912663755458515,0.0,9.566157661546393,0.0,5.652293682098389,0.0,0.0,1
