algorithm,success_rate_mean,success_rate_std,avg_delay_mean,avg_delay_std,run_time_mean,run_time_std,load_balance_mean,num_runs
Dijkstra,0.9770642201834863,0.0,10.408948965550712,0.0,0.0762321949005127,0.0,0.0,1
Improved-Dijkstra,0.9770642201834863,0.0,10.408948965550712,0.0,0.08975362777709961,0.0,0.0,1
GA,1.0,0.0,10.408948965550712,0.0,14.465030431747437,0.0,0.0,1
GCN-DQN,0.0,0.0,10.408948965550712,0.0,0.5491108894348145,0.0,0.0,1
