{
  "Dijkstra": {
    "success_rate": {
      "mean": 0.968609865470852,
      "std": 0.0,
      "min": 0.968609865470852,
      "max": 0.968609865470852
    },
    "avg_delay": {
      "mean": 9.566157661546393,
      "std": 0.0,
      "min": 9.566157661546393,
      "max": 9.566157661546393
    },
    "run_time": {
      "mean": 0.12794280052185059,
      "std": 0.0,
      "min": 0.12794280052185059,
      "max": 0.12794280052185059
    },
    "load_balance": {
      "mean": 0.0,
      "std": 0.0,
      "min": 0,
      "max": 0
    },
    "num_runs": 1
  },
  "Improved-Dijkstra": {
    "success_rate": {
      "mean": 0.968609865470852,
      "std": 0.0,
      "min": 0.968609865470852,
      "max": 0.968609865470852
    },
    "avg_delay": {
      "mean": 9.566157661546393,
      "std": 0.0,
      "min": 9.566157661546393,
      "max": 9.566157661546393
    },
    "run_time": {
      "mean": 0.06486392021179199,
      "std": 0.0,
      "min": 0.06486392021179199,
      "max": 0.06486392021179199
    },
    "load_balance": {
      "mean": 0.0,
      "std": 0.0,
      "min": 0,
      "max": 0
    },
    "num_runs": 1
  },
  "GA": {
    "success_rate": {
      "mean": 0.9955156950672646,
      "std": 0.0,
      "min": 0.9955156950672646,
      "max": 0.9955156950672646
    },
    "avg_delay": {
      "mean": 9.566157661546393,
      "std": 0.0,
      "min": 9.566157661546393,
      "max": 9.566157661546393
    },
    "run_time": {
      "mean": 12.158873319625854,
      "std": 0.0,
      "min": 12.158873319625854,
      "max": 12.158873319625854
    },
    "load_balance": {
      "mean": 0.0,
      "std": 0.0,
      "min": 0,
      "max": 0
    },
    "num_runs": 1
  },
  "GCN-DQN": {
    "success_rate": {
      "mean": 0.9912663755458515,
      "std": 0.0,
      "min": 0.9912663755458515,
      "max": 0.9912663755458515
    },
    "avg_delay": {
      "mean": 9.566157661546393,
      "std": 0.0,
      "min": 9.566157661546393,
      "max": 9.566157661546393
    },
    "run_time": {
      "mean": 5.652293682098389,
      "std": 0.0,
      "min": 5.652293682098389,
      "max": 5.652293682098389
    },
    "load_balance": {
      "mean": 0.0,
      "std": 0.0,
      "min": 0,
      "max": 0
    },
    "num_runs": 1
  },
  "improvement_over_dijkstra": 0.023390748827430006
}