{
  "Dijkstra": {
    "success_rate": {
      "mean": 0.9305555555555556,
      "std": 0.0,
      "min": 0.9305555555555556,
      "max": 0.9305555555555556
    },
    "avg_delay": {
      "mean": 10.861777903224977,
      "std": 0.0,
      "min": 10.861777903224977,
      "max": 10.861777903224977
    },
    "run_time": {
      "mean": 0.14028286933898926,
      "std": 0.0,
      "min": 0.14028286933898926,
      "max": 0.14028286933898926
    },
    "load_balance": {
      "mean": 0.0,
      "std": 0.0,
      "min": 0,
      "max": 0
    },
    "num_runs": 1
  },
  "Improved-Dijkstra": {
    "success_rate": {
      "mean": 0.9259259259259259,
      "std": 0.0,
      "min": 0.9259259259259259,
      "max": 0.9259259259259259
    },
    "avg_delay": {
      "mean": 10.861777903224977,
      "std": 0.0,
      "min": 10.861777903224977,
      "max": 10.861777903224977
    },
    "run_time": {
      "mean": 0.15843939781188965,
      "std": 0.0,
      "min": 0.15843939781188965,
      "max": 0.15843939781188965
    },
    "load_balance": {
      "mean": 0.0,
      "std": 0.0,
      "min": 0,
      "max": 0
    },
    "num_runs": 1
  },
  "GA": {
    "success_rate": {
      "mean": 0.9768518518518519,
      "std": 0.0,
      "min": 0.9768518518518519,
      "max": 0.9768518518518519
    },
    "avg_delay": {
      "mean": 10.861777903224977,
      "std": 0.0,
      "min": 10.861777903224977,
      "max": 10.861777903224977
    },
    "run_time": {
      "mean": 19.11741018295288,
      "std": 0.0,
      "min": 19.11741018295288,
      "max": 19.11741018295288
    },
    "load_balance": {
      "mean": 0.0,
      "std": 0.0,
      "min": 0,
      "max": 0
    },
    "num_runs": 1
  },
  "GCN-DQN": {
    "success_rate": {
      "mean": 0.995260663507109,
      "std": 0.0,
      "min": 0.995260663507109,
      "max": 0.995260663507109
    },
    "avg_delay": {
      "mean": 10.861777903224977,
      "std": 0.0,
      "min": 10.861777903224977,
      "max": 10.861777903224977
    },
    "run_time": {
      "mean": 9.304009675979614,
      "std": 0.0,
      "min": 9.304009675979614,
      "max": 9.304009675979614
    },
    "load_balance": {
      "mean": 0.0,
      "std": 0.0,
      "min": 0,
      "max": 0
    },
    "num_runs": 1
  },
  "improvement_over_dijkstra": 0.06953384735092302
}