algorithm,success_rate_mean,success_rate_std,avg_delay_mean,avg_delay_std,run_time_mean,run_time_std,load_balance_mean,num_runs
Dijkstra,0.9770642201834863,0.0,10.408948965550712,0.0,0.09391341209411622,0.011655690855919896,0.0,5
Improved-Dijkstra,0.9770642201834863,0.0,10.408948965550712,0.0,0.09764904975891113,0.0119301953401357,0.0,5
GA,1.0,0.0,10.408948965550712,0.0,14.70337109565735,0.35134067199747554,0.0,5
GCN-DQN,1.0,0.0,10.408948965550712,0.0,2.0840405464172362,0.21512718897045063,0.0,5
