algorithm,success_rate_mean,success_rate_std,avg_delay_mean,avg_delay_std,run_time_mean,run_time_std,load_balance_mean,num_runs
Dijkstra,0.9305555555555556,0.0,10.861777903224977,0.0,0.14028286933898926,0.0,0.0,1
Improved-Dijkstra,0.9259259259259259,0.0,10.861777903224977,0.0,0.15843939781188965,0.0,0.0,1
GA,0.9768518518518519,0.0,10.861777903224977,0.0,19.11741018295288,0.0,0.0,1
GCN-DQN,0.995260663507109,0.0,10.861777903224977,0.0,9.304009675979614,0.0,0.0,1
